43889;POUR_RIEN
43913;BLOND:VAR
42368;CONTENT1/JOIE
43893;CABINE (BATEAU)
43894;COMPRIS
43895;RELIGION
42385;ENSEIGNER
43896;MONUMENTS
44454;CRU2
43858;CLANDESTIN
45046;VALLEE2
43899;OFFICIEL
43900;PEUT-ETRE2
44233;INFINI
43903;LIEU
43904;PRUDENT
43905;VODKA
43907;CHER-PLUS
43908;QUE
43909;OSER
43956;FATIGUE-CA ME
43548;MARTEAU
43914;DEVINER
41759;DEUX HEURES
43915;CAPTER
43916;INTERPRETER
44235;MOITIE
43921;MACHER
43922;TRADUCTION
43026;ANNONCER/PUBLIQUE
43932;TERMINAL
43933;OBLIGATOIRE
43935;PAGE3
43891;ISTANBUL:NS
43937;PRODUIT LIQUIDE
43888;AUTRE3 (DEUX MAINS)
43110;MOTEUR/MACHINE
42184;PHOTOGRAPHIE/APPAREIL PHOTO
42183;APPAREIL PHOTO
43946;MIME
43948;RAPIDE2
43950;DOMMAGE2
43952;LUXE
43953;OBSTINER
43954;AFFICHAGE
43957;EVIDENT
43959;BRUTAL
43963;EVENEMENT/CAARRIVE
43964;AIMER2
43966;MEME
43967;PARFAIT3
43969;AMI2
43970;CLASSIQUE
43971;FRIMER
42703;EMPLOYE
43951;OCCUPER DE
43496;AU CAS OU/SI(PI)
43934;DEVELOPPEMENT
43901;HYPOTHESE
43920;CHAUVE
43923;COMPETENT
43962;MARRE-EN AVOIR
43890;MEDITERRANEE:NS
43924;N'IMPORTE QUOI2
43897;NI VU NI CONNU
43968;COMME CA
43960;PAPIER
43955;CHANCE-PAS DE
43898;GRAVE-PAS
43949;PAS-UN
43938;ARRETER2/DETECTER
43961;ARRIVE PAS
43958;LONG2-C'EST
43919;TROISIEME1
43892;RECLAMER1
43917;TANT MIEUX
43902;MERCI-NON
42823;COURANT
43578;FETE1/JUILLET/CELEBRER
44077;FEDERATION
45047;VALLEE3
44075;FETE2
43195;DEVOIR1
44084;ETOUFFER
43975;DEPLACEMENT
45048;TROIS JOURS3
43977;INEGALITE
44322;FRUIT2
43929;IL N'Y A PAS2
44081;SAVOIR-NE PAS3:VOT_SAVOIR-NE PAS1 (DEUX MAINS)
42906;ACCOUCHER/NAITRE
43940;DEROULEMENT
42868;TOUT DE SUITE/IMMEDIATEMENT/HEURE
43972;EPELLER
44321;PAIN AU CHOCOLAT
44327;PI:VAR
44237;DOCTEUR/SYMPA
44239;MAGIC
41841;EPAIS
44240;DECOUVRIR
44242;FOUTRE
43985;REGULIEREMENT
44000;SOUHAITER/ENVIE/INTERESSANT
43926;ENTENDRE
43927;GENER
43928;PARFAIT2
43930;IMPATIENT
43943;TAXE
43944;PARTAGER3
43979;PLUS2 (SIGNE+)
43991;BORD
44083;MASSIVE
44001;TARD-PLUS
44085;TRINQUER
44087;INSCRIPTION
43941;POUR CA
44026;SECRETAIRE
44098;ASSURANCE
44063;REINE
44009;DEUX SEMAINES2
44008;CINQ JOURS
43925;DELINQUANCE
42373;CUISINE (PIECE)
44325;AH BON2/POUR CA
44088;PARENTHESES
43947;VENIR DE
44243;TROIS SEMAINES
44329;HUIT2:VOT_HUIT1:NUM (PAUME VERS SOI)
44250;ACQUERIR
44315;SERVICE
44318;MOUSSE
44319;VALET/SERVEUR
44320;CROISSANT/BANANE
44323;ABONNER
44326;RESSEMBLER
44060;TOWER BRIDGE (DOUTEUX)
44330;MOCHE/TERRIBLE/AFFREUX/TERRIBLE
44331;MINABLE/NUL/MEDIOCRE
43942;PHARMACIE3 (FRONT)
44317;BAIGNOIRE
42794;MEUBLES:COMP
43976;SI2
44091;AVANCER3 (=/= REPORTER)
44636;MER3
43939;MIEUX QUE RIEN
44328;PUISSANT2/VIOLENT/FORT
43978;CAPITALE2:VOT_CAPITALE1
41775;NEUFHEURES
44061;DERRIERE1
44090;ENTRE2/ENVIRON:VAR
44332;RINGARD
44341;CORPS2:VOT_CORPS1
44335;ETAPE
42227;ROUTE1/RUE:VAR
44337;TABLEAU
44339;PRENDRE DU RECUL
44340;EXPRIMER
44342;CAPUCHE
44343;INVALIDITE1
45049;CENTIME2
44345;LONGTEMPS1
44346;SAUCISSON
43553;ACTION1/ACTIVITE
44348;APPROCHER
44349;APERO
44350;BOIS
44351;FLASH
44352;JURER
44353;WEEK END
42946;BATON:COMP
44650;RENDEZ-VOUS2
44654;MARCHE:VAR
41858;OCTOBRE1 (TOURNE)
43186;KIOSQUE
43945;VALABLE
44100;INSTANT
44105;PLUSIEURS FOIS
44333;NORMAL3/ORDINAIRE
44108;TROIS FOIS
44036;CHANGER D'AVIS
44038;BLESSURE
44112;COTISATION
44356;TEMPS-PAS LE
44119;FORFAIT
44357;PERDRE2/ECHEC/RATE
44122;EURO (1MAIN)
44131;RETRAITE
44132;SKI
44041;REPUS
44070;PREMIER2
42890;BIBLIOTHEQUE
43781;DOUE
42041;DECEPTION
42658;DECIDER2
44344;JAMAIS-PLUS
42565;PROPOSER/OFFRIR/SUGGERER
43081;PRETRE/CURE/AVOCAT(FRUIT)
43060;SPECIAL
44133;AUTO_STOP
44134;DOUCEMENT
44137;PRECIS2
44369;GENERIQUE
44120;SEPT CENT:NUM
44149;WHAOU
43931;PRENDRE UN BAIN:COMP
44117;LES DEUX2:VHS_LES DEUX1
44139;MER2
44107;TROIS MOIS
43126;DEPLACER1
44347;ENVOYER(SMS)
44130;ALPES:NS
44625;SEPT2:VOT_SEPT1:NUM:VAR (PAUME VERS SOI)
44336;VERRE2 (MATIERE)
44355;COUP-UN
44334;TOTAL2
43910;STRASBOURG:NS
44064;SOURD2 (INTL)
44126;REDUCTION2:VHS_REDUCTION1 (INDEX)
42325;PASSE/AVANT/RECEMMENT
44251;CULOTTE1
44113;CAMPAGNE
44254;PULL
44817;COMPRENDRE-PAS
45055;PRINCE CHARLES:NS
44146;ACOMPTE/DONNER UN PEU D'ARGENT
44142;EGLISE2/PRIER/RELIGION/SAINT
45050;PLACE2
44359;INSOLITE / SAUF (INDEX) / PARTICULIER / EXCEPTION
44361;ETRE / ETAT
45052;PLAIRE2
45053;LAIT2:VHS_LAIT1
44364;CLUB2
44631;STYLO
44630;BANC(S) (A SUPPRIMER)
44655;SECRET
44656;DEBILE
44365;POSTE1
45054;POMPIER3
42244;SAC A DOS
44363;DEPART2:VOT_DEPART1
44626;GRAND-PERE
42699;GAGNER/REUSSIR/SUCCES
44367;HAUT NIVEAU
44121;LISTE5
44123;LARGEMENT
44127;VENIR2/CEDER
43463;APRES/A COTE/PRESDE
44637;CROISSEMENT / INTERSECTION
44659;LUGE
44662;LIEN
44668;SAPIN
44669;REVEILLON
44809;LUNETTES
44810;LASER
44811;HAIR
42530;HISTOIRE1
44814;ASPIRATEUR
44815;TRANSPORT2
44253;HIVER2/FROID
42991;VIOLENCE
44072;POLO
44140;SACRE COEUR
44143;SAINT/SACRE
44074;HOTEL2:VHS_HOTEL1 (H)
44125;LONGTEMPS2
44138;MONTMARTRE:NS
44368;NUIT3:VHS_NUIT1 (V)
44154;PILE/PAREIL/COMME
44259;CLIQUER
44260;CODE
44255;PANTALON2
44153;PEINDRE2/PEINTURE
44147;PETIT3:VOT_PETIT1
44366;MIEL/GEL
44068;PRINCE
44069;ZONE
44264;AVION2:VHS_AVION1
44145;AUTREFOIS2:VOT_AUTREFOIS1
44258;AVANT1
44267;SIX MOIS
44633;PIETON4 (2 MAINS)
44657;PISCINE
44261;ENVERS2-A L'
43558;CANNES:NS/CANNE
44263;LONG3-C'EST
44362;CIRCULATION
44818;VISA1
44660;VIEUX-TRES
44813;VETEMENT3
44358;SEUL3 / UNIQUE / POST-IT
44257;SUR PLACE
44635;RIVIERE2 / CHEMIN (TRES PETIT)
44066;AUTRE5/TOURNER PAGE:VAR
44370;REFUSER
44371;MAL
44383;FERMER A CLE
44381;BOIRE3:VOT_BAR
44271;CARTE2:VAR
44375;LEGUMES
44377;MOISISSURE
44378;SUSPENSE
44379;POSITIVER
44821;COURRIER:VOT_LETTRE3
44380;HORS SUJET
42361;INFORMATION1/INFORMER
44856;OCTOBRE3 (MENTON)
42415;NORMAL1/BIEN-SUR/NATURE
44643;COURSES
43965;BESOIN-PAS
44645;PARASSEUX
45056;NAPOLEON:NS
44648;SAVOIR-NE PAS 2
44663;BANANE
44664;PENSION
44665;CAUTION
44376;TROMPER-SE2/FAUTE
44672;RECEVOIR
44674;AFFREUX/TERRIBLE
44667;ENVIE-PAS
44862;LITUANIE1:NS:VAR
44867;ROUMANIE1:NS
44823;TENTATION
44639;AUCHAN:NS
44825;AVERTISSEMENT
44826;JETON
44827;GAZ3
44828;TEMERAIRE
44829;APPARAITRE
42261;ANNIVERSAIRE2
44868;SLOVENIE1:NS
43507;SUEDE:NS
44152;TRANSPIRER
42936;PARFOIS/CA DEPEND
44210;QUINZE JOURS
44213;VILLE2
44269;T-SHIRT
44227;PROPOSER-ME
44268;SHORT
44863;LETTONIE1:NS
44820;SUIVRE2/SELON
44870;REPUBLIQUE TCHEQUE1:NS
44273;MARGE
44278;ENLEVER
44647;FESSES
44649;CANDIDAT
44212;SEMAINE-UNE
44666;ENVIE2
44872;HONGRIE1/UKRAINE:NS
44150;AUSTRALIE:NS
44676;CHAR
44871;REPUBLIQUE TCHEQUE2:NS
44857;oct-02
44373;REMPLACER2:VHS_REMPLACER1 (V)
42263;PAIN
44873;DRAPEAU
44272;ETC2
44644;HALL2
44151;AH
44382;ONZE2:NUM
44858;SIGNER3:VOT_SIGNER1
44864;LUXEMBOURG1:NS
44865;LUXEMBOURG2:NS:VOT_LUXEMBOURG1:NS
44222;CHOISIR2:VOT_CHOISIR1
44372;DINER EN AMOUREUX
43416;ECONOMIE1
44845;ESTONIE1:NS
41976;FROID
44157;GRECE1:NS (CROIX)
44299;INVENTER1
44860;IRLANDE1:NS (HARPE)
44880;NOVEMBRE2:VHS_NOVEMBRE1 (DEUX MAINS)
44388;COMPRENDRE-RIEN
44297;DANEMARK1:NS (3DOIGTS)
45057;TAXI2
44844;BELGIQUE2:NS (MAIN)
44884;CROATIE:NS:VAR
44861;IRLANDE2:NS (VISAGE)
44879;OCTOBRE4:VOT_OCTOBRE1 (TOURNE 2 MAINS)
41931;DECEMBRE
44156;SAUNA
44158;ENFANCE
44161;BOURSE/PATRIMOINE
44162;LATIN
45069;IMPOSER
44163;OLYMPIQUE
42151;METRO/SOUS-SOL/GARAGE/CHEZ/CACHER/IMPRIMER:VAR
44274;VERSAILLES/JARDIN
44160;AUTRICHE2:NS/HONGRIE:VHS_AUTRICHE1
44276;GLOBAL/ENSEMBLE/GENERAL
43428;PEUT-ETRE1
44281;ETC3
44283;COUP DE COEUR
44284;APPROFONDIR/DECORTIQUER/ETUDIER
44385;EVALUER
42273;CERCLE2
44386;DESHABILLER
44387;CONNECTER
44389;PROSTITUES
44390;GROSSIR
44391;RUMEUR
44393;TESTICULES
44394;DEGONFLER
44401;SEYCHELLES:NS
44651;TEINTURE
44837;PHARMACIE5 :VHS_PHARMACIE1
44877;NEUF2:VOT_NEUF1:NUM (PAUME VERS SOI)
44833;DEPLACER3
44878;SIX2:VOT_SIX1:NUM (PAUME VERS SOI)
44398;OFFICE DE TOURISME (O_TOURISME):COMP
43344;TROP1
44839;MONTER3
44392;ENTENDRE-S'
44282;TOURNER2 (COMME LION EN CAGE)
44280;PYRENEES:NS
44165;ANS
44167;OBJET/PROBLEME
44168;DEJA3
44166;BEAUCOUP DE MONDE
44400;DROITE2:VHS_DROITE1 (INDEX)
44171;SUITE
44172;CHACUN
44173;COMPTABLE
44285;DEUX FOIS
44286;TOUCHE
44290;VIGNE
44291;PAYSAGE
44292;INFLUENCE
44294;EMBAUCHE
44404;PIETON2 (AVEC SOL)
44405;PIETON3 (BARRES BLANCHES)
44287;TUNISIE2:NS
44197;RACLETTE
44395;SURFACE PLATE/TARTE/PLAT
44876;CHRYPRE1:NS
44169;CLIENT4
44296;AVRIL5:VHS_AVRIL2
44164;SEUL2:VHS_SEUL1
44836;AVANT3
44277;LOUIS (ROI) -->SIGN NAME ?
44831;MARDI2
44832;MARDI3:VHS_MARDI2
44170;CHAUD2
44293;CAMPING CAR
44295;DEUX MOIS
44300;ECONOMIE3
42250;OUBLIER2
44312;BIENVENUE2 (-BIEN)
44889;FINLANDE1:NS
42025;AIR/FRAIS/PRINTEMPS/MENTHE
44413;DEGOUTE2/LASSE/EPUISE
44848;PARCOURS
45058;AMORTISSEMENT
44850;PROVOQUER
45059;CHER-MOINS3
44852;ETERNEL
44853;CONFUS2
44192;ROUTE2/RUE/FLEUVE
44174;PLANNING
45061;INVESTISSEMENT
44406;VIDE/PROPRE
44407;CONTEXTE/DEPUIS
45062;PILOTER
44409;CINQ ANS
45063;RAPIDE5
45064;INADAPTE
44412;PROCESSUS
44414;GALA/NOEUD_PAPILLON
44415;PROFESSIONNEL
44408;GRAND-MERE1
44882;GRECE3:NS
44418;EGAL (=)
45065;QUATRE JOURS
45060;NOURRIR2
44888;SLOVENIE2/SLOVAQUIE:NS
44885;HOLLANDE2/PAYS-BAS:NS (H)
44424;PHOTOGRAPHE
44881;BULGARIE1:NS
44683;HOLLANDE1/PAYS-BAS:NS
44428;EMBOUTEILLAGE
44419;FOIE/FOIX:NS
44887;GRELE1
44425;N'IMPORTE QUOI1
44433;PUER/IVRE
44426;HENDAYE:NS
44421;BORDEAUX1:NS
44420;BOL-PAS DE2
42067;COMPRENDRE
44684;DROGUE
44422;PAYER2:VHS_PAYER1
44411;PENSER3 (SANS CESSE)
44689;HIPPIE
44690;COOL
44691;FERME
44692;PAILLE
44696;FOU2
44697;PYJAMA
44698;INVENTER2
44686;LILLE:NS
44687;BELGIQUE1:NS (POUCE)
44883;IRLANDE3:NS
44886;HONGRIE2:NS (H)
44891;MALTE3:NS
44430;PLAINDRE2
44892;YOUGOSLAVIE:NS
44893;PORTUGAL2:NS
44900;SLOVENIE3:NS
44901;TURQUIE3.NS
44181;VISIBLE-TRES
41900;ETRANGER
44176;METIER/CONSTRUIRE
44185;CONDORDE
44693;MATINS-TOUS LES
44189;CINQUIEME
44196;FONDUE (FROMAGE)
44186;VAMPIRE/MITTERRAND:NS
44903;CHRYPRE2:NS:VHS_CHRYPRE1:NS
44301;TRAIN2:VOT_TRAIN1 (2MAINS)
44894;CHRYPRE3:NS:VHS_CHRYPRE1:NS
44416;CHER-TRES
44849;CHANGER4/REMPLACER/TOURNANTE
44427;SEPT HEURES2:VOT_SEPT HEURES1
44432;MOQUER-SE
44851;NORD2:VOT_NUIT1 (2MAINS)
44890;MALTE2 (POUCE):NS:VHS_MALTE1
44423;TANT PIS
44410;SAUTER DE JOIE
44902;REPUBLIQUE TCHEQUE3:NS
44191;NOTRE-DAME:NS
44688;SENTIR3:VR_SENTIR1
44748;BLOQUER2/COINCER:VHS_BLOQUER1
44303;TROU (V)
44434;DEPASSER/EXCES
44699;PENDRE LE LINGE
44307;FEU TRICOLORE
44701;GRILLE
44725;JEU DE CARTES
44703;SOULEVER
43131;COUPER1/INTERROMPRE
44199;LANCEUR DE DISQUE
44706;CB
44708;ENLEVER/SUPPRIMER
45066;LONG2
44747;NUL/PAS BIEN
44711;CELLULE
44723;PEUGEOT:NS
44205;NOURRIR1/CONSOMMER
44179;PEUT-ETRE3
44183;CHAMPS-ELYSEE:NS
44309;PIETON1
44718;OUI OU NON
44895;FORT2
44896;TRADITION
44302;BIEN-FAIRE DU
42139;OUEST
42164;POMME
44178;CONCENTRER
44180;INDIFFERENT
44182;MONSIEUR
44193;SCULTPER
44195;APPRENDRE2
44306;CHUT
44311;LESQUELS
44704;AISE-A L'
44436;POLE
44720;PLEURER3
44721;ELECTRICITE2
44713;CA-C'EST
44724;ATTENTION/EXCLAMATION
44726;EN PARLER
44727;AUTRE4
44730;PENDANT DES HEURES
44731;MICRO ONDE
44732;SPORT2
44734;TIMBRE
44200;COURIR
44201;AUTOMATIQUE3
44202;PATRON/TEMOIN
44203;SAISON3
42992;VISITER1:VAR
44313;TOUS
44437;ATTENDRE2
42077;VETEMENT1/S'HABILLER
43679;TRANQUILLE1/PEINARD/AUTOMATIQUE
44737;PAR2
44738;VRAI2
43315;ANS-TOUS LES
44709;OUI OUI:VR_OUI
44741;DERRIERE2
44742;INDIVIDUEL
42387;LETTRE2 (ALPHABET)
44744;AMORTISSEUR
44198;SURPRISE2
44746;REGARDER VERS
43134;BROSSE
44745;CAMERA
44702;PINCE A LINGE
44736;BRESIL3:NS
44897;SI3
44722;CA VEUT DIRE2:VR_CA VEUT DIRE1
44204;CHER-MOINS2
44304;CHANGER2:VHS_CHANGER1
44435;CARREFOUR2:VHS_CARREFOUR1
44740;CARTE4
44705;CARTE3
43576;MONTER1
42186;CALCULER2
44206;COLLEGUE
44438;SEPTIEME
44439;DEMOTIVER
44753;IL Y A DIX ANS
44754;GAMIN
44451;BARBECUE2:VHS_BARBECUE1 (2DOIGTS)
44756;DIX FRANCS
44757;CINQ FRANCS
44758;UN FRANC
44759;DEUX FRANCS
44760;VINGT FRANCS
44761;CENT FRANCS
44220;FAUTEUIL ROULANT1
44763;MARRON
44219;FAUTEUIL ROULANT2
44765;ALLER DANS
44207;DRAGUER1
44774;GRAND-MERE2
42157;BOUTEILLE
43179;VOLER
44751;ARGENTINE:NS
44442;PLAINE/DESERT
44443;MONT
44444;BRILLER4
44446;FAIBLE/MOU
44769;SOLEX
44450;INVITER2
44773;PLUS3 (NEGATION)
44775;EXCEPTION
44776;ROUES2
44440;FLEMME-LA
44793;POCHE1
44752;VOIR-ON VA/POUR VOIR:VAR
44781;FUIR
44445;YEUX BRIDES/ASIATIQUES
43506;GRAVE
44224;PARTICIPER
44225;NEUTRE
44230;SCOLAIRE
44231;CHOMAGE
44209;TUNISIE1:NS
44449;METRE
44457;CASIER
44783;EMPLACEMENT
43353;NIVEAU
43489;VITRE
42548;IDEE
44452;POIVRON/AUBERGINE
44455;RECOLTER/REVENU
44456;MAC/POMME
44786;PHYSIQUE
44208;TRANQUILLE2:VAR
44792;POLLUTION2
44785;VIETNAM:NS
44784;RUSSIE:NS
44768;TRAMWAY2:VHS_TRAMWAY1 (INDEX)
44459;RECULER
44780;GLISSER/PLAT
43684;MATIERE
44448;AVANCER1
44221;PAREIL-TOUJOURS
44770;MAMAN3:VHS_MAMAN2
42386;LETTRE1
44788;CHANGER3/TOURNER
42383;LETTRE3 (ALPHABET)
44211;TRAVAIL2
44226;SUISSE1:NS (POUCE)
44215;ROLE-TON
44771;REDUCTION3:VOT_REDUCTION2
44447;PROPRIETAIRE3 (POITRINE)
42513;ATTENTION-FAIRE1:VAR
44501;DRAGUER2/PECHER
44475;GRACE-A/CHANCE
44484;COEUR2/ST_VALENTIN
44800;BANQUE
44801;SIGNATURE
44803;TOUT2
44463;PHARMACIE4:VOT_PHARMACIE2
44805;POCHE2
43366;BENEFICE
44499;COMPLET2
44461;ESCALIER
44462;CLUB1
44465;CONTENT2/RAVI/EXCITE
44517;DEUX4:NUM:VOT_DEUX3:NUM
44460;ZERO2
44808;MERCREDI2
44489;VITE2 / RAPIDE / REPONDRE FERMEMENT
42093;VILLE1
44464;LAMPE
44471;RATER2
44494;DEBORDER2/CHARGER
44797;CENTIME1
44474;BLAGUE
45067;BRIGANTS
44476;SAUCISSE
44477;POIVRON
44479;CHAMPIGNON
44480;TREMBLER/VIBRER
44481;INONDATION
44516;TROIS3:NUM
45068;REGLE
44482;SEC/CONGELATEUR
44505;DELICIEUX2/PARFAIT/EXCELLENT
42239;POISSON
42246;FLEUR2
44467;ARC DE TRIOMPHE / MONUMENT
44469;VIRAGE
44470;CLUB3
44466;AVOIR2/EXISTER (TROIS DOIGTS)
42247;MONTRE
44478;TOMATE2 (VISAGE)
42256;ECHANGER1
44473;SAUCE2
42601;TETU
44490;PENSEE/REVE
44491;SABLE
44492;SABLIER
44493;NORME
44496;SOUTIEN-GORGE
44497;TORTUE
44498;DAUPHIN
44503;DESTIN
44504;JEAN
44506;ROMANTIQUE/VIOLON
44507;ROUTINE/EN_COURS
44508;ORANGE
44509;EXPLOSER/CRAQUER
44510;CENTRE DE RELAIS
44511;ELISION
44512;BALCON
44472;PROCHAINE FOIS
44514;THESE/RANCUNE
44487;MAISON2/FOYER
44518;NEANT
44500;HAWAI:NS
42377;RIRE1
42382;AVOCAT
43746;FRAIS1
42260;ANNIVERSAIRE1:COMP
43155;QUATORZE:NUM
44798;MILLION:NUM
44806;AVRIL3:VHS_AVRIL1
44804;AVANCER2/ETRE EN AVANT
44483;MC DO1
44513;CHER2
42814;** INDECIPHERABLE **
44550;COUPER3
43270;CA VA
44495;FATIGUE2
44515;IMPASSE/BLOQUER
44519;AVATAR
44543;CROIRE2 (NEZ)
44521;FACTEUR/CASQUETTE/POSTE
44564;DESSOUS-EN/CACHER
44523;JAMBES
42255;BIERE
44546;DEGOUTE1/PASCHANCE
44533;FRONTIERE4/BARRIERE:VHS_FRONTIERE3
44528;CHANGEMENT
42649;FONCE1
44531;PRETENTIEUX
45070;TOMBER
44534;LOGIQUE
44535;PLUSIEURS
44525;EGYPTE:NS
44526;HABITUDE-PAS L'
42094;MAIRIE1
44567;PETIT A PETIT
43732;** SIGN NAMES **
42079;OCCUPE/RESERVER
44530;PLUS EN PLUS
42096;THEATRE
42095;GARE
42072;JAUNE
43399;** SIGNE NON TERMINE **
42785;PARDONNER/S'EXCUSER
42098;SOLEIL:VAR
44560;AJOUTER2/INVENTER
44541;DEPLACER2
44542;RENNES/CERF
44574;CHEVAL
42790;JOUER/JEU
44569;DIX ANS-DANS
42679;DESORDRE1/BORDEL
44572;VOIR-RIEN
44547;CHARRETTE/CARRIOLE/CHARIOT
44551;FRIGO/PLACARD
44552;MINORITE
44553;DUREE
44554;USB
44555;DEBAT
44556;POUX/PUCE
44557;ROBOT
44558;MELANGER2
44559;IMPLANT
44561;PANNE
44570;VELO2/BICYLETTE
44563;AIMANT
44571;VELO3/PEDALER
44544;RAPIDE4 (EXTRA)
44568;EQUILIBRE/BALANCE
44536;COIN3:VHS_COIN1
42653;CLIENT1
42660;CLIENT3
44540;PARTIR4:VOT_PARTIR1
44524;LOIN-TRES
44548;SAISON4:VHS_SAISON3 (4DOIGTS)
44539;PROMENER2/BALADE
44545;MOINS2
44562;MOINS3/NEGATIF
44537;CELUI / CELLE / CEST CA / CETTE / CE (PI)
44565;CHANGER5
44566;CHANGER6:VOT_CHANGER5
44522;ENVOYER2/TRANSFERER
44579;ACCEPTER2
44549;OUH (V)
42384;APPRENDRE1
42832;EN HAUT
43430;BLOQUER1/COINCER
42836;GOUVERNEMENT2
44615;COUPLE2/FIDELE
44602;CREME SOLAIRE
44578;MILITAIRE/ARMEE
45072;TURQUIE4:NS
44581;ROCHER/CAILLOUX
44582;FALAISE
44589;FRONTIERE5/DOUANE (N):VHS_FRONTIERE3
44584;USER
44585;JOUR-UN2:VHS_JOUR-UN1
44587;OUH/PSYCHIATRIE
44588;DIGERER-MAL
44592;TRAMWAY1:VAR (INDEX+MAJEUR)
44316;DOUCHE2/BUS
44591;CIBLE
44594;KM/H
44595;CAPTURER
44596;2CV
44597;COMPTEUR
44575;INDE:NS
43010;AVEC
43004;BLANC
43029;RAPPELER-SE
44603;PALMIERS
44604;CRISE/REVOLUTION
44608;SOLDES
44609;SUPERBE/GENIAL
44593;MOTO:VAR
43521;CONSTIPATION
43019;OUVERT
43020;OUVERT D'ESPRIT
44610;LOUP/CAROTTE
44613;POUDRE/FARINE
44601;COCO-NOIX DE
44617;EN_MEME_TEMPS
44619;CHOC
44621;NERF/NERVEUX
44622;BOUGIE
44623;PEINE/CHAGRIN
44624;ECART/A_PART
43281;CHIC
43328;EURO (2MAINS)
43305;JAPON:NS
42878;SAUTER
42941;SPECTATEUR/PUBLIC
44573;SIGNER4(VERS SOI):VOT_SIGNER2
44586;AVANT2
44605;CHER-PAS2
44614;PARTAGER4:VAR
44618;BOL-PAS DE1
44599;CHEF
44598;PENSER2 (AU PASSE)
44611;PETIT-POIS
44620;POSSIBLE1
44606;ARGENT-PLUS D'
44583;APPRENDRE3:VHS_APPRENDRE1
44576;TGV2
44607;SURPRISE3 (PI)
43049;SUR1
44612;SEL2
42881;LABORATOIRE
42150;VOUS
42152;BOISSON
42424;NATURE
42388;POSTE2/COURRIER
42245;SAC EN BANDOULIERE
42242;DIRE
43632;MADAME2
43559;DANSER LE DISCO
42423;BOUCHE1
42277;PLUIE
42281;PITIE
42390;PLAIRE1
42154;TOUJOURS
41972;DOMMAGE1
43350;SECURITE
45074;AVRIL6:VHS_AVRIL1
42313;JAMAIS
42283;PAUVRE2
42278;RARE
42286;JOURNAL2
43747;EXPRESSION DU VISAGE
45075;OCTOBRE5:VHS_OCTOBRE2
42389;AIMER1
42903;CHANCE
42249;OUBLIER1
42402;VIANDE1 (UNE MAIN)
43773;RESUME
43017;TACHE
42285;PASSER
42392;ADORER
42394;BAGAGES
42398;EMAIL
43760;SOUS-SOL
45073;HONGRIE4:NS:VOT_AUTRICHE1:VAR
42375;CONNAITRE
43515;COIN1
42412;MON2 (MAIN)
43532;PRES2-TOUT
42153;LIT:VAR
42248;RIVIERE1
43763;DROITE1
43560;VALLEE1
43664;RIDEAUX
41903;JEUDI1
42404;LAIT1
41933;DEJA2
43749;FONCE2 (POING)
45079;LION
41937;BERLIN:NS
42414;NATIONAL
42411;MUSIQUE
42413;RACONTER
42400;MARIAGE/MARI
42237;AMUSER-SE
41974;NOEL:NS/DECEMBRE
41955;PARIS1:NS
41938;APPETIT
41939;APPRECIER
41954;PARIS2 (DEUX MAINS):NS
41867;G:ALPHA
41940;ARMEE
45082;MARS2:VOT_MARS1
42405;MINISTRE
41948;AUTOMATIQUE2
41953;PRINTEMPS
41970;AUTOMNE
41975;CAFE
41934;EMBETER2
43351;FREIN A MAIN
43661;AJOUTER1
44866;MALTE1:NS:VAR
41969;VENDREDI (V TOURNE)
41945;PERMISSION
41944;AUTORISATION
41943;ASSIDU
41941;ARRIVEE:VOT_ARRIVER
41833;SIX CENTS1:NUM
43352;REDUCTION1
41950;EVITER2/EMPECHER
43662;LAVER-SE
41942;ARRIVER:VAR
44159;AUTRICHE1:NS:VAR
45083;ECOSSE:NS
45078;PAYS-DE-GALLE1:NS
45084;PAYS-DE-GALLE2:NS
45077;GRANDE-BRETAGNE:NS:COMP
41960;FROID-AVOIR
41946;AUTOMATIQUE1
41963;LIVRE
41951;ACCIDENT2
41967;CALME
41962;OISEAU
45080;ENVIE3
41973;ENFANT
41949;EVITER1
42274;AUTOUR1
42236;TISSU1
42307;EXPLIQUER1/DECRIRE
42309;CELEBRE
42303;ECHANGER2
42304;ECHANGER3
42300;LACHER
42406;ARGENT/ESPECES
42292;CONFORTABLE/MOU
42288;CITOYEN
42289;FERMER1
42290;FERMER2
42291;PEIGNE
42293;COMPARER
42295;CONTINUER
42296;COPIE
42298;DOUTE1
42297;DOUTE2
42299;DOUTE3
43565;EFFORT
42308;EXPLIQUER2
43237;PIECE
42323;FIN
42357;HUMAIN
43686;avr-02
42306;CHER1
42709;ENVIRONNEMENT1
43867;MAILLOT DE BAIN
41965;BUS:VAR
41961;VELO1
43568;TURQUIE1:NS
43754;VENT:VAR
42408;MONTAGNE
42416;BRUIT
42302;PARTOUT/TOUT LE MONDE
43692;AIMER-NE-PAS
43373;CONTACT
43564;CONGES
43566;DERANGER/GENER
43571;PERMUTER
41721;PENSER1:VAR
41774;NEUF1:NUM
43285;MONTPELLIER:NS
41845;BORDEAUX:NS
45085;HOLLANDE4/PAYS-BAS:VOT_HOLLANDE1/PAYS-BAS
45086;HONGRIE5:VOT_AUTRICHE1
42546;COMMENT
45087;CHRYPRE4:NS:VOT_CHRYPRE1
41762;QUATRE2:VOT_QUATRE1:NUM:VAR (PAUME VERS SOI)
41768;SEPT1:NUM:VAR
41766;SIX1:NUM:VAR
41756;ZERO1
41818;SEIZE:NUM
41830;QUATRE VINGT DIX:NUM
43767;DROIT-AVOIR
41831;QUATRE CENTS:NUM
41832;CINQ CENTS:NUM
41817;CINQUANTE:NUM
41822;DIX SEPT:NUM
41824;DIX NEUF:NUM
41776;DIX:NUM
41809;ONZE1:NUM
41812;TREIZE:NUM
41813;QUINZE:NUM
41814;VINGT:NUM
41815;TRENTE:NS
41816;QUARANTE:NUM
41819;CENT:NUM
41834;MILLE1:NUM
41837;AOUT1
41765;CINQ HEURES
41773;HUIT HEURES
41811;ONZE HEURES
41763;QUATRE HEURES
41769;SEPT HEURES1
41767;SIX HEURES
41761;TROIS HEURES
43392;MOTIVATION
41859;nov-01
43149;ETRANGER-A L':COMP
45088;NOVEMBRE3:VOT_NOVEMBRE1
45089;MARS3:VHS_MARS1
45090;ESTONIE3:NS
41884;TROIS1:NUM:VAR
41772;HUIT1:NUM:VAR
41846;BON
42078;VETEMENT2
43731;TROIS JOURS2 (J):COMP
43551;OU2 (OU BIEN)
41857;VAGUES
41840;MOT
42525;VOISIN/DEVANT/EN FACE
43737;PARFUM
41926;DEJA1
41842;BILLE
41844;BIENTOT
41847;BONJOUR
41843;BESOIN
41873;A:ALPHA
41874;B:ALPHA
41872;C:ALPHA
41871;D:ALPHA
41851;F:ALPHA
41869;H:ALPHA
41868;I:ALPHA
41865;J:ALPHA
41864;K:ALPHA
41863;L:ALPHA
41862;M:ALPHA
41861;N:ALPHA
41860;O:ALPHA
41856;P:ALPHA
41855;Q:ALPHA
41854;S:ALPHA
41850;T:ALPHA
41876;W:ALPHA
41877;X:ALPHA
41866;Y:ALPHA
41875;Z:ALPHA
41852;U:ALPHA
41849;V:ALPHA
41835;avr-01
41848;BOIRE1
41777;DIX HEURES
43554;ETC1
41911;ACTION2/COMBAT
41907;MAL-AVOIR
41936;HIVER1
41889;CASSER
41888;BISON
42985;JUSQU'A
41916;ENCORE
41894;FRANCE:NS
41883;BEAU/JOLI
41913;ADMETTRE2
41921;MARS1:VAR
41920;VIVANT1
41885;MERCI
41897;ALLEMAGNE1:NS:VAR
41898;ATHENES:NS
41912;ADMETTRE1
41928;juil-01
42549;IMAGINER
41892;LONDRES:NS
41899;NUIT1
41891;PARIS3 (TOUR EIFFEL):NS
41917;AGE1
42254;REGION
43744;S'IL VOUS PLAIT
41978;VACHE
43555;TIROIR
41909;DOULEUR
41895;GRECE2:NS:VAR
41810;DOUZE:NUM:VAR
41890;ACCIDENT1
41906;DIMANCHE
42527;CHANGER1:VAR
41923;MAI
41901;LUNDI
41905;SAMEDI
41924;JUIN
41919;FEVRIER
41914;ACTEUR
41922;VIVANT2
41925;PRESQUE
41893;EUROPE1
41829;QUATRE VINGT:NUM
41828;SOIXANTE DIX:NUM
41915;PUBLICITE
41904;MERCREDI1
43480;INTERNET
42272;CERCLE1
41994;GROS1/GRAND:VAR
42243;FLEUR1
42271;POULE2
42267;BEURRE2
42240;FARINE
42262;PAUSE
42269;FROMAGE1
42990;VICTIME/BLESSER
42002;FRONTIERE2:VHS_FRONTIERE1
42266;ANNULER
42023;CHEQUE1:VR_BILLET
42257;CEINTURE1
44354;DELICIEUX1
43753;POUVOIR-NE-PAS3
41984;SUPPLIER
43140;RIZ
45091;MARS4:VHS_MARS1
42004;BREF
43752;CHAQUE FOIS
43786;EASYJET:NS
41996;BOUILLIR2
42007;BRAVO2
41968;CHAT
42011;MAIS2
42006;AMENER
42013;PIED-A
41977;JANVIER
42012;ADRESSE
41992;TRAHIR2
41985;SONNETTE
41991;GRAND (PERSONNE)
41997;BOMBE
42009;APPORTER/AMENER QUELQUE CHOSE
41902;MARDI1 (TOURNE)
41979;CARREFOUR1:VAR
42258;CEINTURE2:VHS_CEINTURE1
42264;ENTRE1/HESITER
42003;BRAVO1
41990;TRAHIR1
41988;PENCHER
42008;ADMIRER
43598;PARLER2
42040;SAC
42038;FAUTEUIL
41995;BOUILLIR1
42032;APPARTEMENT
42118;TANTE
42000;GARCON
42015;APRES (PAUME VERS LE BAS)
41983;ETONNER/ SE REVEILLER
41957;ETE
45092;BULGARIE2:NS
42045;FACILE/SYMPA
45093;GRECE5:NS
45094;ROUMANIE2:NS:VOT_ROUMANIE1
42056;HIER
45095;SUISSE3:NS:VHS_SUISSE1 (INDEX)
42037;MOI1 (INDEX)
42033;JOUR3 (MENTON)
42019;PRENDRE SOIN
43572;FRANCAIS
42030;ALCOOL
43788;ENCOURAGER
42048;JOURS-TOUS LES
42058;QUAND
42042;CHIEN
42064;VIN
42055;AN
42060;QUI
42061;POURQUOI
42062;EAU
42022;BOUTON
42053;FEMME
42021;CARACTERE2
42020;CARACTERE1
42026;CHEQUE2
42028;POITRINE
42001;FRONTIERE1
42052;DOUX/MOTIF
42031;SEUL1
42054;TRAVAIL1/TACHE
42044;PAYS/TERRE
42057;QUOI1:VAR
42059;OU1 (LIEU)
43600;POINT
42156;IMMEUBLE1
42088;PLAINDRE1
42109;STOP
42080;DISCUTER
42090;ENSEMBLE
42018;CAPABLE
42051;THE
42066;VERITE
42082;VENIR1
42043;REVE
42089;CONFUS1
42076;EGLISE1/CATHEDRALE
42097;TAXI1:VAR
45096;TURQUIE5:NS
42071;AUJOURD'HUI
42107;NEIGER
42075;ARMOIRE
42108;SAVON
42084;COMMUN2
45097;ORAGE2
42138;NORD1
42114;FILS
42116;SOEUR
42113;FILLE
42099;NAGER/PLAGE/PISCINE
43766;TOKYO:NS
42101;SPORT1
42124;ROUGE
42111;SEL1
41823;DIX HUIT:NUM:VAR
42147;VOULOIR
42159;NOM
43605;VACCIN
42137;CHEMISE
45098;NEUF3:NUM:VOT_NEUF1
42140;EST
42141;SUD
43498;TOUR SUIVANT
42144;TABLE
42133;PROFESSEUR
42073;CLAIR1
42074;CLAIR2 (PAUME VERS SOI) :VOT_CLAIR1
42130;MONTRER:VAR
42046;ELECTRICITE1
42129;ENVOYER1
42068;INCONNU
42091;VILLAGE
42436;PEINDRE3 (AU PINCEAU)
42086;COMPAGNIE
42399;BEAUCOUP3:VOT_BEAUCOUP1
43370;BRONZE/HALE
42318;COMME/MEME/AUSSI
42110;ECOLE
42112;ETOILE1
42103;ETOILE2
42155;ANIMAL
42106;JUPE
42119;PARENT
42123;MATIN
45099;IRLANDE4:NS:VOT_IRLANDE2
42148;VOTER
42125;NOIR
42136;GRANDIR
43607;DEUX JOURS
42127;BLEU
42104;ARRETER1
42162;SOMMEIL-TOMBER DE
42145;FUMER
42120;PERE
42395;LISTE1
42410;BOUCHE2
42433;CHEVEUX
42420;PORTER
42365;INTELLIGENT
42381;LOI
42371;GARDER
42378;SAVOIR
43180;GRATUIT1
42374;BISOU
42391;LIQUIDE
42396;BEAUCOUP1
42431;BONNE NUIT:COMP
42121;MAMAN1
42128;MER1
42434;CHAUD1
42397;BEAUCOUP2
42177;CORPS1/COMPORTEMENT
42379;SAVOIR-LE
42194;COUPLE1/PAIRE
43570;AFRIQUE:NS
42132;ELEVE
42367;ILE
42430;FORET
42407;LUNE
42419;OBSTACLE
42185;SIECLE
43404;EXACT/TOUT A FAIT
42435;SOUVENT
42403;MAIRIE2
42105;ORAGE1:VAR
42418;NUMERO/RECEMMENT
42203;DICTIONNAIRE1
42175;SANG
42182;TAPIS2
42181;TAPIS1
42171;PEUR2/CONTENT
42173;CHEMIN
42010;MAIS1
42170;PEUR1
43791;IMPRIMER
43151;BOITE1
42178;PONT:VAR
42197;RETARD
42191;CERISE
42193;PROPRE1
42196;PERSONNE
42167;BALLE
45101;GRECE6:NS
42168;DOS
42176;BOULANGERIE
42192;COULEUR
43188;FILE
42202;CHAUFFEUR ROUTIER:COMP
42169;SILENCE
42190;CHOISIR1
42338;CANAPE:COMP
42174;QUESTION-POSER UNE/POINT D'INTERROGATION
43510;REMPLACER1
42319;AEROPORT
42201;CONDUIRE GROS VEHICULE
42205;MEDECIN
42188;PRESIDENT
42034;REPONDRE
42049;SOIR
42206;DICTIONNAIRE2
42329;FUTUR/AVENIR
42232;DIRECTEUR
42234;TROMPER-SE1
45102;LETTONIE2:NS
42210;ERREUR
42335;CHARBON
45103;LETTONIE3:NS
42165;CONSEIL1
42213;HABITER
42330;GAZ2
42324;JOURNAL1
42235;SEPTEMBRE
42332;PLEIN DE
42039;MAUVAIS/PAS MAL
42317;RENCONTRER
42214;CONTRE
42211;DIFFICILE
42327;PLEIN (PASSE)
42219;ENFIN
42331;GAZ1
42195;PROPRE2
43579;NON2
43577;POURQUOI PAS
43581;LIMITE
42347;AVOIR1/IL Y A
44244;SUISSE2:NS:VHS_SUISSE1 (CROIX):VAR
42360;COLLINE1
42337;HERBE
42326;FRUIT1
42321;JOUR1 (VS NUIT)
45104;HONGRIE6:NS
42212;SEC
43580;REPOS1
45105;GRELE2:VHS_GRELE1
42322;CONNAITRE-NE PAS
43582;INVITER1
43757;ABIMER/DEGAT
43058;PAPIER - FEUILLE DE
42268;BEURRE1
42339;GRIS1
43357;SUPER/BIEN
42233;CRIER
42353;AIDER2
42349;HAUTEUR1
42351;HAUTEUR3
42251;LIBRE/DISPONIBLE
42352;AIDER1
43224;SERRER
42370;KILOGRAMME2
42230;PAREIL
42343;DEMI
42229;PETIT1:VAR
42340;GRIS2
42341;GROUPE
42342;HABITUDE
42344;MAINS1
42345;MAINS2
43792;COFFRE
42346;DUR
42348;LOURD
42428;DOIGT
42364;INTERNATIONAL
42366;FER
42369;KILOGRAMME1
43487;POUVOIR-NE-PAS2 (MENTON)
42208;SAVOIR-NE PAS1
42356;MAISON1:VAR
42448;POLICE
42464;PARTAGER2
43345;AVIS (MOI)/OPINION 
42231;DIFFERENT
42451;PREVENIR
42224;CAPITALE1
42427;ELECTION
42355;HOPITAL
42372;KILOMETRE
42461;SAISON1
42463;PARTAGER1
42495;TOUCHER1
42505;GROS VEHICULE (BUS, CAR, CAMION)
42454;REGRETTER
43130;COUPER2 (COUTEAU)
42458;RESPONSABLE
42460;TOIT
42465;BRILLER1
42466;BRILLER2
42467;BRILLER3
42469;SIGNER1
42443;ASSIETTE
42453;RAISON
42462;VENDRE1
42014;APPELER QUELQU'UN
42476;SOURIRE1
42496;SERVIETTE1
42504;FEU DE SIGNALISATION
42497;SERVIETTE2
42425;DISTANCE/LONGUEUR
42508;ESSAYER
42480;PARLER1
42502;ENSEIGNANT2
42506;USINE
42447;GENTIL/SAGE/S'IL-VOUS-PLAIT
42550;CLE
42503;COMMERCE/MARCHE/MARCHAND
42452;PROTEGER2
42468;SIGNER2(TOURNE)
42439;PEINTRE:COMP
42492;MINCE2/FIN/FRAGILE
42457;REPETER
42494;BILLET:VAR
42491;GROS2/GRAND:VAR
43666;WC
42489;THEME
42477;SOURIRE2
42490;SUJET
42479;SOUPE
42987;MONTER2
42475;SIMPLE
42482;RESTER
42483;VAPEUR1
42485;PIQUER
42493;TICKET
42486;SALLE RECTANGULAIRE
42487;SALLE RONDE
43359;IL FAUT/DEVOIR
42520;FORMIDABLE/INCROYABLE/IMPOSSIBLE/INCAPABLE
42429;INTERDIT
42511;VOIX
43674;TAILLE(CORPS)
42528;OEUF1
42551;COUTEAU
43090;METTRE
43033;NU
42363;COLLINE2
43687;FORCER-SE
42474;LISTE2
42455;PROTESTER/OBJECTION
42500;ENSEIGNANT1
42498;PRIVE
42517;EMBETER3
42488;STUPIDE/BETE
42526;CUILLERE
42632;EXEMPLE1
42514;ATTENTION-FAIRE2
41971;ACHETER:VAR
42515;ROUTE3/GRANDE ROUTE
42512;AVERTIR
42534;PROFOND2 / TROU
43039;NEZ
42516;NOUS
42521;MONDE
42529;OEUF2
42533;PROFOND1
42972;LANGUE1
42537;MAINTENANT
43358;POUVOIR-NE-PAS1 (TRILL)
42542;BOEUF
42545;MOIS2
42226;DEMAIN
43365;PAUVRE1
42336;VERRE1/CONSERVE
42083;COMMUN1
42238;TISSU2
43089;POUSSER
41882;PEU1
42775;PIED2
42228;TOUT DROIT:VAR
42311;COMMUNICATION
42712;TOUT1
43157;RAISIN
42117;ONCLE
42541;CARRE2
42035;COLERE
42543;MUSEE
42519;FENETRE
42350;HAUTEUR2
42571;FERMIER/FEVRIER
43650;AIR FRANCE:NS:COMP
42280;AVION1
42656;CLIENT2
42536;REGARDER1
42393;REGARDER2 (PAUME VERS SOI)/VOIR
42380;RIRE2
43364;SOUSTRACTION
43078;POMME DE TERRE
42628;ALLER
43367;PASSION
42570;PAYSAN
42557;MINUTE
43682;PIRE
42575;CUISINER
42217;CALCULER1
42559;MINUIT
41896;ANGLETERRE:NS
42556;MIDI
42560;MIROIR
42473;SAISON2
42569;TENTE
42282;VILLA2
42531;CARAVANE
42538;FOUR
42547;COMBIEN
42312;NOUVEAU
42572;FROMAGE2
42580;COUR1
41927;AGE2
42576;CUIRE
42577;TOUSSER
42579;LECON
42584;POMMADE
42143;SOL1
42540;CARRE1
42554;LEGER
43848;MARSEILLE:NS
42316;PRENOM
42562;TELEPHONE PORTABLE
42558;MALADE
43137;PLANTER
42563;AUTRE1
42940;SOURCE (EAU)
42582;FROUSSARD:COMP
42583;ARTISAN:COMP
43170;EXPRES-FAIRE
43152;GARER-SE
42518;SEMAINE1
42131;PROBLEME
41959;BATEAU:VAR
42555;HOMME
42544;MOIS1
42220;PAGE1
41821;DEUX1:NUM:VAR
42777;SENTIR2
43189;EN BAS
42484;VAPEUR2
43178;CHAMP
43196;DETTE/DEVOIR DE L'ARGENT
42510;VILLA1
43187;GENOU
43172;DISTINGUER
42857;CACHER1
43197;CLOU
43177;RESSENTIR
43191;FABRIQUER
42100;DECHIRER
43163;DESOLE
43176;FIN (DUREE)
42472;PROTEGER1
42216;ADAPTER/ACCORDER
43167;NOMMER
43183;VOEU
42442;PLANTE
43411;COUCOU/AU REVOIR
42561;TELEPHONER2
43184;ESPRIT/TETE:COMP
42587;ARTISTE2:COMP
43133;CARTE1
42592;BATAILLE/GUERRE:VAR
43410;FATIGUE1
43120;FONDRE
43690;CAROTTE
42085;COMMUNAUTE
42594;BRANCHE
42568;RACINE
43211;ACIDE/AIGRE
42595;PEU2
41989;COMMENCER/DEBUT
43478;PEINE-PAS LA/INUTILE
43396;CONTRAIRE
43440;APERCEVOIR
42603;ENREGISTREMENT
43439;ROI
42585;CREER
42593;AMER
42598;APRES (PAUME VERS LE HAUT)
42029;APRES-MIDI1
42599;APRES-MIDI2
42657;DECIDER1
41935;EMBETER1
42115;FRERE
42846;CHAPEAU1
42996;LAVER
43435;LAISSE
43433;MIGNON
43476;ATTERRIR
43429;AUTONOME
43417;BIEN
43453;CONCIERGE
42589;CENDRE:COMP
42588;ARTISTE1:COMP
42683;ATTENTION-FAIRE3:VOT_ATTENTION-FAIRE1
43291;TRANSPORT1
43397;ROUES1
43445;RONFLER
43418;COUVERTURE
43446;SOUFFLER
42616;PLACE1
43452;MERDE
43694;AUTOROUTE
43412;OUF
43426;PRATIQUE
42630;LISBONNE:NS
43269;DORMIR2
43451;SAUF
43455;VIBRATION
42604;ENREGISTRER/SAUVEGARDER
42633;EXEMPLE2
42646;PLEURER2
43436;OK
42843;GYMNASTIQUE
43482;LISTE3
43194;BOUGER
42275;CINEMA
43483;ICONICITE
43448;REFLECHIR
43479;RESERVATION
42621;PRENDRE-ME
42647;TASSE
42659;DECLARER1
42650;GOBELET
42652;MORT
43275;ENTRAINEMENT
42654;DECES
42081;PIECE DE MONNAIE
42622;SUIVRE1/TRAQUER
43145;LEVER DE SOLEIL
42667;DEFENDRE2
42669;DEGRE
42670;DEMOCRATIE
42672;DENTISTE
42676;MOURIR
43794;CISEAUX
42681;LOIN2
43147;JETER A LA POUBELLE
42680;DESORDRE2
42682;FAIRE1
42301;DERNIER/A LA FIN
42661;DECLARER2
42664;DEFENDRE1
42999;BIZARRE
43276;IDIOT/BETISE
42663;DEGATS
42665;DANSER
42675;DEPART3
42684;FAIRE2
42719;JUSTE1/PRECIS
42696;POUSSIERE1
42674;NIER
42705;ENNEMI
42685;CHAINE
42693;MANTEAU
42690;MER1-BORD DE:COMP
42691;DOUBLE1
42666;DIRECTION
42668;SALE
43015;OUI:VAR
42673;DESACCORD
42694;DESSIN/ART
42688;PORTE
42645;PLEURER1
42697;POUSSIERE2
42695;ROBE
42671;DESAVANTAGE (DOUTEUX)
42651;APRES DEMAIN
42687;CHER-PAS1
42698;OREILLE
42700;MANGER
42721;LOIN1
42702;ELEGANT
42707;ASSEZ
42783;JOURNAL3
42723;GROS3:VAR
42761;REMPLIR2
42776;FOOTBALL1
42780;FORCE1
42713;EXAGERER
42714;EXAMINER
42715;EXERCICE
42718;VISAGE
42717;OEIL
42784;POULE1
42725;PEUR3
42509;VACANCES
42771;VOLER/DEROBER2
42701;ECONOMIES
42769;ETAGE2
42764;GOUT2
42765;GOUT1
42759;TERRAIN
42706;INGENIEUR
42762;TROUVER
42767;SOL2
42763;PREMIER1:VAR
42778;FOOTBALL2
42781;ASSOCIATION
42779;PIED1
42787;PRESSION
42788;FOURCHETTE
42786;FORCE2
43738;VUE2/LES YEUX
42760;REMPLI
42789;AMI1
42773;BROUILLARD1
42722;VITE1
42726;SENTIR1:VAR
42820;SOMBRE/OMBRE
42792;JARDIN
42276;LOUER/LOYER
42793;RAMASSER
42799;CADEAU2
43795;COUPE-ONGLES
43413;RESTAURANT
43321;ESPAGNE:NS:VAR
43403;DIRECT
42800;DONNER
42802;DIEU
43524;CA-C'EST POUR 
42796;EN GENERAL3
42797;EN GENERAL2
42354;HESITER
43402;MOYEN / METHODE
42770;VOLER/DEROBER1
42772;VOLER/DEROBER3
42768;ETAGE1
43340;ENVIRON/MOYEN/GROSSIEREMENT
43421;FLECHE
42811;JETER/LANCER
42818;POIDS
42241;CHERCHER
42822;ROMPRE
41758;DEUX2:NUM:VOT_DEUX1:VAR (PAUME VERS SOI)
42929;DORMIR1
43398;BOLIVIE:NS
43296;TOULOUSE:NS
42831;OUVRIR
42833;VOLANT
43390;AVEUGLE
43388;AFFAIRE
42798;NOBLE:COMP
42815;GAGNANT:COMP
41836;CONDUIRE2/VOITURE:VHS_CONDUIRE1
42215;PRES1-TOUT/PROCHE
43680;TOTAL1
43419;ROND-POINT:VAR
43279;AUTREFOIS1:VAR
43294;TECHNIQUE
43311;VIDE/CHOCOLAT
43016;JEUNE
42827;PRENDRE
43384;TIRER
42829;ACCEPTER1/TOLERER
43000;BIENVENUE1:COMP
43298;UNE HEURE
43299;DEVENIR
43325;DIFFUSER
43295;FLUIDE
42795;EN GENERAL1
42821;SOLDAT/ARME
43385;CROIRE1
42819;ASSEOIR-SE/CHAISE/SIEGE
43372;DECOLLER
43280;EVOLUER
43389;HANDICAP
43374;EFFACER
42855;COEUR1
43383;RELAIS
42880;TRICOTER
43375;PAR1
43586;CERTIFICAT
42922;MAGASIN
42864;FAIM
42359;GLACE2
42867;GLACE1
42884;MADAME1
43153;TERRE (PLANETE)
43201;ESSENCE
43739;VA-VA
43286;MEXIQUE:NS
43740;CHER-MOINS1
42862;HEURE2 (H)
43378;PAYER1:VAR
43309;SUR2 (CERTAIN)
42913;PROGRAMME1/LISTE
42835;GOUVERNEMENT1
42869;IMPORTANT
42870;DANS
42873;INNOCENT
42837;AGRIPPER
42875;INVITATION
42885;LANGAGE
42894;QUEUE
43796;VALEUR
42917;VIS
42899;LONG1
43742;NORMAL2
42918;DRAP
42909;SALADE
42924;COURT
42927;PEAU
42816;DEPENSER/DEPENSES
42860;ESPERER2 (CROISER LES DOIGTS)
42895;LITTERATURE
42978;TOURNER1
42931;LENTEMENT
42989;TRES
42998;PESER
42911;SAUCE1
42983;MALHEUR
42968;SOIF
42974;DENTS
42980;TAPER A LA MACHINE
42995;MARCHER
42997;ARROSER
42976;CONFIANCE-FAIRE
42966;CHOSE/OBJET
42939;SON (BRUIT)
43006;LARGE
43007;SAUVAGE
42932;LISSE
42934;CHAUSSETTE
43611;PETIT-DEJEUNER
42919;ETAGERE
42994;ATTENDRE1
43002;SI1
42965;MINCE1
42935;JOUR-UN1
42937;QUELQUE PART
42951;STRICT
42956;SOUFFRIR
42959;SUER
42963;OBJECTIVE
42871;DEDANS:VR_DANS
43022;PAGE2
43522;CHIER
42949;DEPOT
42908;DETRUIRE
43001;MOUILLE
43003;SIMULTANEMENT
42840;HOMMAGE
42933;SOCIETE
42856;ICI:VAR
43013;ECRIRE1
42954;ETUDIANT
42938;AME
42842;REVOLVER/PISTOLET
42863;DROLE/HUMOUR/MARRANT
42838;SALUER1
42847;CHAPEAU2
42848;CHAPEAU3
42849;CERVEAU
42844;COULOIR
42841;FUSIL
42858;CACHER2
43036;QUARTIER
42904;DE TEMPS EN TEMPS
43018;SAVOUREUX
43208;MALADROIT
43014;NOTER/NOTES
43040;OBSERVER
43059;PARC/JARDIN
43287;PETIT JOUEUR
43076;PORT
43021;BOITE2
42944;SITUATION
42988;INTERESSANT/UTILE
43038;NON1:VAR
43107;BAGUE
43284;VOYAGE
43108;ROBUSTE
42905;CADEAU1
43212;ORIGINE (SOURCE)
42854;ECOUTER2
43181;FORME-EN
43085;FIER
43031;DEMENAGER
42851;GUERIR2
43799;FORME2
43289;PERIODE
42853;SANTE
43034;ETROIT
43282;QUAND MEME
43092;RADIATEUR
43057;PAUME
43047;OFFENSER
43087;PUBLIQUE
43292;PLUS1
43065;POIVRE
43083;PROMETTRE
43217;SUSPECT/SOUPCONNER
43080;COMPRESSER
43077;REPORTER
43063;PAIX
43079;PRIER
43096;LIRE
43061;PATIENCE
43048;HUILE
42859;ESPERER1/SOUHAITER
43743;BALLON
43327;AUTRE2
43250;COUCHER-SE/ALLER AU LIT
43185;CONNAISSANCE
43310;POURCENTAGE
43074;POLI:COMP
43293;PARTIR5 (SE CASSER)
43297;LYON:NS
43335;SIGNE
43215;COLLER1
42163;D'ACCORD1:VAR
43322;ABANDONNER1/RENONCER
43218;BAIN
43265;TRISTE
43268;FINIR1
43307;RETOUR/REVENIR/RETOURNER
43221;TEMPORAIRE/PROVISOIRE
43093;RADIO/TELEVISION
43099;REFRIGERATEUR/FRIGO
43231;VEXER/BOULVERSER
43800;CHEWING GUM
43232;UTILISER
43304;OUH LA LA
43277;BAVARDER
44962;MAINTENANT-A PARTIR DE
43273;K.O.
43751;PHRASE/HISTOIRE
43035;AIGUILLE
43290;TGV1
42879;COUP DE PIED
42887;LAISSER
42925;SIGNAL
42926;TAILLE
42928;CIEL
43112;MAGAZINE
42845;ACCROCHER
42982;AU-DESSOUS
42874;INSECTE
42876;VESTE
42892;VIE
43225;TEMPS1 (PERIODE)
43333;PASSAGER:COMP
43330;PARTIR3:VR:VOT_PARTIR1
43329;BOIRE2 (GOULUMENT):VOT_BOIRE1
43240;SOURD1
43306;PUISSANT1
42900;ORGANISER/S'OCCUPER DE 
42886;QUITTER
42923;PETIT2
43067;FIXE/PERMANANT
42891;MENTIR
42953;FORT1
42877;TRIBUNAL/JUGER
42896;VIVRE
42897;SERRURE
43338;BOURRE2
42850;GUERIR1
42901;PERDRE1
42889;PRETER
43337;LUMIERE/ALLUMER
42912;SAUVER
43094;CRU1:COMP
42921;CHAUSSURE
42930;MANCHE/BRAS
42915;SCIENCE
42916;GRATTER
42910;SALAIRE
42872;INDUSTRIE
42943;RESTER DEBOUT
43136;MORCEAU
42945;STEAK
42958;SURPRISE1
43116;CA VEUT DIRE1:VAR
42947;AVARE
42952;BATTRE
43118;MESURER/DUREE
42957;SUCRE
43123;MADEMOISELLE
43125;HUMEUR
42964;TEXTE
43127;INTERRUPTEUR
43044;NOIX
42883;ECHELLE2 (DOUTEUX)
43243;ITALIE1:NS(LSF)
43139;RUBAN
42969;MENACER
43144;SOUDAINEMENT
43124;DATE/MOMENT
43113;DIRIGER/GERER
43119;MEDECINE
43121;METAL
43122;CENTRE/MILIEU1:VAR
42975;PANTALON1
42955;ETUDIER
43062;GATEAU/PATISSERIE
42950;POELE
42960;BALAYER
43146;COUCHER DE SOLEIL
43252;LA-ETRE (LA-LA)
42979;ALLUMER UNE ALLUMETTE
42920;SERVIR
42981;PARAPLUIE
42973;OUTIL
42948;PIERRE/CAILLLOUX
42977;TUYAU/PIPELINE
43245;CHAMBRE
43254;FEU/FLAMME
43256;POMPIER1
43257;POMPIER2
43314;PORTUGAL1:NS
43261;QUE SE PASSE T'IL ?
43253;ALARME
43260;FAUX
43169;COUR2
42962;ETEINDRE1
42063;VUE1 (PAYSAGE)
43138;QUART-UN
43783;RECLAMER2
42971;TOMATE1
44963;DANEMARK3:NS:VHS_DANEMARK1 (4DOIGTS)
44965;FINLANDE2:NS:VOT_FINLANDE1:NS
43173;DOUBLE2
43347;CINQ ANS-DANS
43466;FOU1
43244;ITALIE2:NS(INTL)
43143;SEPARER EN DEUX
43490;TOUT A L'HEURE
43246;BAR
42596;CONSEIL2
43606;MALIN
43303;POLLUTION1
43461;FONTAINE
43343;POUR:VAR
43545;PARKING
43468;AGENCE
43334;POINTU
43465;MUR
43356;PRIX
43802;PENDANT DIX HEURES
43585;PREUVE/PROUVER
43459;TOURISME
43401;RUGBY/NUAGE/METEO
43467;OUPS
43562;SALON
43575;DESCENDRE
42253;AUTOUR2
43621;STADE
42459;RICHE
43601;COURAGE-BON
43469;VENDRE2
43460;GAUCHE-A
43603;NEUF CENTS:NUM
43255;PARTIR1
43241;MELANGER1
43458;SAUTER AUX YEUX
43164;VRAI1
43622;RATER1/NAIF
42970;TEMPS3 (METEO)
43258;RIEN1
43073;POISON
43064;POIRE
43636;BLOQUER3
43247;BOURRE1
43470;BOUT-AU/MAXIMUM/MINIMUM:VAR
43599;PLONGEE SOUS MARINE
43101;REPARER/TRAVAUX
43103;RESULTAT
43866;CULOTTE2
43629;MARQUE
43637;INFORMATIQUE/ORDINATEUR
43382;TRAVERSER
43651;DECORATION/BRANCHE/CLASSE/CA CLAQUE
43587;QUE FAIRE
43100;RELATION
43462;MAGNIFIQUE
43424;SANDWICH
43415;DEBORDER1
43349;TEMPS MORT
44954;HOLLANDE3/PAYS-BAS:NS
43486;VIF
43391;VISUEL
43207;DROIT (LOI)
43542;SOUS-TITRE
43319;EXAMEN/PASSEPORT
43405;TOUT-C'EST/FINI
43011;RIEN2/SANS/PERSONNE
43567;ZEN
43012;EMBALLER
43326;DOSSIER
43630;AIRBUS:NS
43069;PHARMACIE2
43634;VOIR-JAMAIS
43652;FESTIVAL
43052;COMMANDER/ORDRE/DIRECTIVE
44966;BRETAGNE:NS
44968;RER
43865;LES DEUX3:VAR
43494;MOINS1
43102;DEMISSIONNER
43386;PRET/PREVU
43485;SEVERE
43341;TROUBLE/AIR PERDU
43620;UNIVERSITE
43394;EGALITE/NIVEAU EGAL
43503;CAMPING/TENTE
43511;PARFAIT1
43422;QUALITE-DE GRANDE /EXCELLENT
43653;CLIN D'OEIL
43437;QUALITE/PERFORMANCE/A LA MODE
43523;ENCORE-PAS
42523;INQUIET
43407;CONTRASTE
43499;COPIER
43393;ACCESSIBLE
43519;MAL AU VENTRE
43135;POPULATION/DES GENS:VAR
43387;VOIR
43434;CRAVATE
43520;ANGOISSE
43544;DIVORCER
43477;BONHEUR / HEUREUX
43484;ALLER CHERCHER
43508;PECHER
43589;ESCLAVE/DEPENDANT
43502;AVENTURE
43516;AH BON1
43072;AGREABLE/DELICIEUX
43423;HOT-DOG
43644;JUSQU'A MAINTENANT/CONTEXTE/DEPUIS
43505;ENVERS-A L'
43563;EXPOSITION
44969;ESTONIE2:NS
43395;ENTENDANT1
43501;LONG1-C'EST
43488;MOI-C'EST PAS 
41827;CINQ2:VOT_CINQ1:NUM:VAR (PAUME VERS SOI)
43527;EUROPE2
43317;CONTROLER/VERIFIER/SURVEILLER
43481;IDENTITE
43447;JOURNEE
43497;DEPART1
43642;SOUCI
43526;ARBRE
43432;GUILLEMETS/TITRE
43427;MODERNE
43531;TYPIQUE
43574;OUBLIER-JAMAIS
43530;CURIEUX
43641;PRENDRE TOUT/AGRIPPER
43525;FREQUENTER/RENCONTRE
43649;ALLER (SANS RETOUR)
43533;SOLIDE
42532;PAYS
43591;DIX JOURS
41887;HOTEL1:VAR
43592;SEMAINE2
43444;JOUIR
43368;IL N'Y A PAS1/PERSONNE/NULLE PART
43627;MARIN
43612;NON3
43573;IMAGE
43640;REPOS2/ETENDRE SES JAMBES
42865;DEPECHER-SE-1
42866;DEPECHER-SE-2
43514;MEDICAMENT/PILULE/CACHET
43588;PASSEPORT:COMP
43535;MEILLEUR:COMP
43590;DEUX SEMAINES1
43529;ENVIE1
43517;DROITE3/MAIN DROITE
43657;OUVRIR UNE FENETRE SUR ECRAN
43379;ELECTRONIQUE
43659;ETOILE3
43539;VIOLON
43537;INTERVENIR
43288;MIEUX
43616;TOUR
43362;VIRGULE/APOSTROPHE
43540;AMOUR
43552;AVANTAGE
43409;DESTINATION
43610;NEIGE
43614;LIGNE/FIL
43623;RECOMMENCER
43608;DEMANDER
43759;ECOUTER1/SON/OUIE
41908;ACCUEILLIR
43761;RISQUE
41980;DANGER
43655;VENGER/REVANCHE
43764;ECOUTER3:VOT_ECOUTER2 (SOURD)
43765;LISTE4
43769;RASOIR
43770;HOTESSE
43772;REMBOURSER
43779;FINI-PAS
43546;CHATEAU
43129;COUDE (TORDU)
43625;EXPERIENCE/CULTURE
43342;PREFERER
43543;RHINOCEROS
43771;INVALIDITE2
43624;ATTIRER:VAR
43271;DISPARAITRE
43536;MAITRE
43308;TRAIN1 (1MAIN)
43596;TROIS JOURS1
43162;TELEPHONE
43656;COIN2(TIP):VHS_COIN1
43660;STYLE
43758;MON1 (DEUX DOIGTS)
42888;GAUCHE3/MAIN GAUCHE
43836;BOUILLIR A L'INTERIEUR
43835;MOI2 (PAUME)
42401;VIANDE2 (DEUX MAINS)
43762;GAUCHE1
43663;DOUCHE1
43831;DENTIFRICE
43832;POLOGNE:NS
43833;LECTURE LABIALE
43834;ET QUART
43219;OBJECTIF/BUT/ATTEINDRE
43665;TRANSPARENT/PRESSENTIR/DEVINER
43774;MASQUE
43775;RESPIRER
43776;CHAMPAGNE
43777;GRATUIT2
43778;COCA-COLA
43670;IMAGINER QUE/CONCEPT
42135;SECTEUR
43509;ACCOMPAGNER
43667;ENNUI
43827;PROIE
43829;TOURNANT
43830;PRODUIT
43671;FOIS/MULTIPLIER
43785;DETAIL
43672;KAYAK
43824;MALCHANCEUX:COMP
43826;MEMBRE DE LA FAMILLE:COMP
43450;PHARE
43801;COMPLIQUE/COMPLEXE/COMBINAISON/FLEXIPAN
43669;PYRAMIDE
43617;REJOINDRE
43114;BUREAU
43803;PORC
43838;TURQUIE2:NS
42478;HISTOIRE2 (W IMMOBILE)
43847;JUSQUE
43842;HISTOIRE3:VOT_HISTOIRE2
43161;CHIFFRES
43852;POLITIQUE
43854;FUSIONNER
43855;CATHOLIQUE
43856;MUSULMAN
43857;SUCCULENT
43859;BUDGET
43860;JOUR2 (J)
43864;PARTIR2
43862;CREDIT
43797;DEPRIME
43206;ENLEVER/RETIRER/DETAXER
43274;PREPARER
43068;PETROLE
43853;VIDEO
43768;CREME HYDRATANTE
43043;INFIRMIERE
43874;AUSCHWITZ:NS
43875;VARSOVIE:NS
43869;FOULARD
42017;POUVOIR/CAPABLE
43846;VOILA
43861;DEUX MILLE:NUM
43845;DEUX SEMAINES3
43825;LANGUE2 (ANATOMIE)
43668;LOUVRE:NS
43837;NEGATION(PAUME EXT)
43849;POUVOIR-NE-PAS4
43881;PAS-FAIRE UN
43105;DROITE-A
43843;VISITER2:VHS_VISITER1 (INDEX)
43840;TOUCHER2:VOT_TOUCHER1 (PAUMES FACE A FACE)
43844;RESTE-IL
43790;PROGRAMME2
43876;BRACELET
43882;JUSTE2/SEULEMENT
42362;INFORMATION2/NOUVELLES
43702;HONTE
43618;BOUCHON/COMPLET
43880;NUIT2:VHS_NUIT1 (N)
43878;ALLER RETOUR
43658;SITE
43473;ETATS-UNIS:NS
43675;AVALER
43707;DEPUIS
43681;EMBRASSER
43871;PARTANT
42574;CONSEQUENCE-PAR/ENSUITE
43703;CONTE/THEORIE
43154;FAMILLE/EQUIPE
43693;FIANCE/COPAIN
43706;PRESERVATIF
43886;ECRIRE2
43647;POURSUITE/ETRE APRES QUELQU'UN
43678;TOT
43872;DEUXIEME
43695;GREVE
43712;FORTEMENT
43708;REVENIR EN ARRIERE
43722;RESPECT
43709;AIDER3
43887;QUAI
43701;AMANT
43713;PROCHAIN/SUIVANT
43724;AMERIQUE (CONTINENT):NS
43879;MAMAN2
43877;MILLE2:NUM:VOT_MILLE1
43691;TROP2 (MENTON)
43638;RAPIDE1
43677;RENDEZ-VOUS1
43883;PROPRIETAIRE1 (CONTACT)
43884;PROPRIETAIRE2 (ROND)
43704;PROMENER1
43711;NUIT-TOUTE LA
43705;PHARMACIE1
44951;DANEMARK2:NS:VOT_DANEMARK1
43700;COURANT-AU/ENTENDRE DIRE
43541;FILM
43696;BARBECUE1 (4 DOIGTS)
43730;FORME1
43736;SERVIETTE3
43718;LAISSER TOMBER
43720;EXCITER
43728;AUGMENTER
43727;FRONTIERE3/DOUANE
43202;EMPILER / PILE
44972;ECLAIR:VOT_ORAGE
43716;DECONNECTER/DECROCHER
43721;HERITAGE
44971;HONGRIE3:NS:VOT_HONGRIE1
42126;VERT/ECOLOGIE
43688;ENERVER
44953;GRECE4:NS
43715;PRECIS1
43725;AMERIQUE DU SUD:NS
43363;CROIX/CIBLE/ADDITION:VAR
43635;ABSENT/MANQUER
44961;TROISIEME2
42284;PLASTIQUE/SOUPLE/DIPLOMATE/CUIR
41982;IMPRESSIONNE-ETRE/STUPEFIANT/BOUCHE BEE
43595;BRESIL2:NS
43594;BRESIL1:NS
44942;COLLER2
44947;JEUDI2
44948;AOUT2
44949;juil-02
44952;ALLEMAGNE2:NS
44955;BROUILLARD2
44957;LITUANIE2:NS
41839;VIEUX/ANCIEN
43734;D'ACCORD-PAS:COMP
44950;BELGIQUE3:NS:VHS_BELGIQUE1
44945;AVRIL4:VOT_AVRIL2
44956;LUXEMBOURG3:NS
44946;MARDI4
44938;ENTENDANT2:VHS_ENTENDANT1 4 DOIGTS
42047;ENTREPRISE/USINE1
44974;IMMEUBLE2:VOT_IMMEUBLE1
43431;COMPLET1/ENTIER/SURFACE
44529;COMMUNICATION-PROBLEME/INCOMMUNICABLE
42198;CONDUIRE1/VOITURE
44976;NE...PAS
41987;TON/SON/APPARTENIR A
44979;FRANCAIS SIGNE
44993;TEMPS2 (PERIODE):VOT_TEMPS1
43054;SORTIR/SORTIE/DEHORS/A L'EXTERIEUR
42142;TOI/DESIGNER
44980;RIEN3
44982;QUOI2
45007;PROFITER2:VOT_PROFITER1
44984;SUIVANT
43756;PETIT4/BAS
43272;FERMER PORTE
45001;EMPORTER/TRANSPORTER
42839;SALUER2
44990;REUNIR
44995;ETEINDRE2
44987;FRAPPER
44989;ECHELLE1
44999;EQUIPE
43615;MOULIN/ROUE
44994;MINCE3
44997;PLIER UN TUBE
44996;PLAIE
45006;POSSIBLE2
45004;D'ACCORD2/ETRE DISPOSE
44986;ENVIRONNEMENT2
44988;ROND
44992;CREUSER1
44991;TELEPHONER1
44985;REMPLIR1
45003;ARRANGER
43512;INFERIEUR1/EN DESSOUS
42914;SCIENTIFIQUE:COMP
44983;LOCATAIRE:COMP
45005;LAC:COMP
45002;INTENTIONNELLEMENT:COMP
44981;CENTRE/MILIEU2:VOT_CENTRE/MILIEU1
44978;CARREFOUR4 (C):VHS_CARREFOUR1
44975;CARREFOUR3:VHS_CARREFOUR2
42535;ENTREPRISE/USINE2:VOT_ENTREPRISE/USINE1
42438;PEINDRE1/PEINTURE
42619;ENTRER:VAR
41910;FINIR2:VR_FINIR1
45012;ACCOMPLIR
43639;DEUX3:NUM:VHS_DEUX2:VAR
45015;DEVOIR2
41757;UN:NUM:VAR
41760;TROIS2:VOT_TROIS1:NUM:VAR (PAUME VERS SOI)
45018;PROPRIETES/BIEN
45037;MAYOTTE:NS
45033;GAUCHE2:VHS_GAUCHE1 (INDEX)
45024;TYPE
45025;UN DE CES JOURS
45029;RAPIDE3
42678;CREUSER2 (DOUTEUX)
45008;INFERIEUR2/DESAVANTAGE-ETRE
42069;FRAIS3 (DOUTEUX)
45010;FRAIS2
45011;GUERIR3
43263;PROFITER1
45026;VIDER
45030;SERIEUX
45031;SOUVENIR
45032;GATER
45034;VISA2
43223;ALORS / DONC
42573;DONC / ALORS
45035;STANDARD
45036;FUSEE
41820;DEUX CENTS:NUM
45022;RAPPELER QUELQUE CHOSE A QUELQU'UN:COMP
45021;PERFORMANCE:COMP
42967;PENSER A QUELQUECHOSE:COMP
45020;MATERIAU:COMP
45019;LIBERER UNE LOCATION:COMP
45027;HALL1:COMP
45009;ETAT:COMP
45016;D'UNE FACON OU D'UNE AUTRE:COMP
45014;CUISINIERE:COMP
45013;ATTEINDRE
45017;ECONOMIE2
41825;TROIS CENTS:NUM
41826;SOIXANTE:NUM
41870;E:ALPHA
41853;R:ALPHA
43213;ESCALIER-CAGE D':COMP
42692;MER2-BORD DE:COMP
42993;VISITEUR:COMP
42817;TRAVAILLEUR:COMP
45023;SIGNIFICATION:COMP
41956;SIX CENTS2:NUM:VR_SIX CENT1
43828;RECETTE:COMP
42882;MAIN D'OEUVRE:COMP
45039;ABANDONNER2
43132;LAVABO:COMP
42824;FIL ELECTRIQUE:COMP
43168;ETUI/HOUSSE:COMP
43278;DEMANDER-SE:COMP
43750;QUATRE1:NUM:VAR
42204;CHAUFFEUR:COMP
42432;BONSOIR:COMP
45040;RESEAU
45041;PSYCHOLOGIE
43513;LES DEUX1
41764;CINQ1:NUM:VAR
44616;MC DO2:VHS_MAC DO1
45042;ADMINISTRATION
45044;CARREFOUR5:VHS_CARREFOUR2
45045;DEUX5:NUM:VHS_DEUX3:NUM
42861;HEURE1